{
  "timestamp": "2026-03-13T13:43:57Z",
  "gap_version": "5d",
  "n": 10,
  "direct": {
    "p50": 94.27031251834705,
    "p95": 162.85194010706627,
    "p99": 203.1476552062668,
    "raw": [
      213.22158398106694,
      96.52537491638213,
      85.24666598532349,
      95.97991697955877,
      99.71491701435298,
      90.03412502352148,
      84.84970801509917,
      92.56070805713534,
      89.83883401378989,
      101.28904203884304
    ]
  },
  "proxied_client": {
    "p50": 283.7536869919859,
    "p95": 303.8810769387055,
    "p99": 308.73368183732964,
    "raw": [
      309.94683306198567,
      296.467375010252,
      277.1647919435054,
      284.95245799422264,
      286.93237504921854,
      280.8299999451265,
      276.93583304062486,
      288.6425000615418,
      282.55491598974913,
      281.77975001744926
    ]
  },
  "proxied_latency": {
    "p50": 278.7082915310748,
    "p95": 289.35319131123833,
    "p99": 292.5660710630473,
    "raw": [
      284.44462502375245,
      293.3692910009995,
      272.635958972387,
      281.542667071335,
      283.1185000250116,
      275.757750030607,
      273.5111250076443,
      283.67458295542747,
      275.87391599081457,
      275.03958297893405
    ]
  },
  "upstream_only": {
    "p50": 220.8426045253873,
    "p95": 228.8777477981057,
    "p99": 229.0794831502717,
    "raw": [
      229.1299169883132,
      227.76224999688566,
      216.63708298001438,
      226.29237489309162,
      228.56954101007432,
      217.40566694643348,
      221.43241704907268,
      220.2527920017019,
      219.60658300668,
      220.156166004017
    ]
  },
  "overhead": {
    "client_p50": 189.48337447363883,
    "latency_p50": 184.43797901272774
  },
  "gate2_sla": {
    "p50_overhead": 184.43797901272774,
    "p95_overhead": 195.08287879289128,
    "p99_overhead": 198.29575854470022,
    "pass": false
  }
}